{
  "summary": {
    "Omega_col": 0.923102170228708,
    "Omega_row": 0.8924464569588088,
    "privacy_median_DCR": 0.45329990967005124,
    "synthesis_fraction": 0.02049887223033037,
    "utility_mean_accuracy": 0.7876315466197126,
    "utility_per_classifier": {
      "RandomForest": 0.8300028663854879,
      "DecisionTree": 0.7886654928135621,
      "LogisticRegression": 0.7197493960116293,
      "AdaBoost": 0.8121084312681708
    }
  },
  "per_column": {
    "age": {
      "type": "numeric",
      "ks": 0.10737612656694395,
      "omega_col": 0.892623873433056
    },
    "fnlwgt": {
      "type": "numeric",
      "ks": 0.16745038749646493,
      "omega_col": 0.8325496125035351
    },
    "educational-num": {
      "type": "numeric",
      "ks": 0.04911843655752013,
      "omega_col": 0.9508815634424799
    },
    "capital-gain": {
      "type": "numeric",
      "ks": 0.03367696618805871,
      "omega_col": 0.9663230338119413
    },
    "capital-loss": {
      "type": "numeric",
      "ks": 0.028412411169364216,
      "omega_col": 0.9715875888306358
    },
    "hours-per-week": {
      "type": "numeric",
      "ks": 0.1301903796857605,
      "omega_col": 0.8698096203142395
    },
    "workclass": {
      "type": "categorical",
      "tvd": 0.22289420991127498,
      "omega_col": 0.8885528950443625
    },
    "education": {
      "type": "categorical",
      "tvd": 0.33792993434818736,
      "omega_col": 0.8310350328259063
    },
    "marital-status": {
      "type": "categorical",
      "tvd": 0.10206560039488059,
      "omega_col": 0.9489671998025597
    },
    "occupation": {
      "type": "categorical",
      "tvd": 0.268928907404651,
      "omega_col": 0.8655355462976745
    },
    "relationship": {
      "type": "categorical",
      "tvd": 0.05093837411371879,
      "omega_col": 0.9745308129431406
    },
    "race": {
      "type": "categorical",
      "tvd": 0.07772725173539362,
      "omega_col": 0.9611363741323032
    },
    "gender": {
      "type": "categorical",
      "tvd": 0.00976980229955593,
      "omega_col": 0.995115098850222
    },
    "native-country": {
      "type": "categorical",
      "tvd": 0.18056150278131142,
      "omega_col": 0.9097192486093443
    },
    "income": {
      "type": "categorical",
      "tvd": 0.023669894821561566,
      "omega_col": 0.9881650525892192
    }
  },
  "per_pair": {
    "('age', 'fnlwgt')": {
      "type": "num-num",
      "rho_real": -0.07662807893178854,
      "rho_synth": -0.02963783628031173,
      "omega_row": 0.9765048786742616
    },
    "('age', 'educational-num')": {
      "type": "num-num",
      "rho_real": 0.030940375874514012,
      "rho_synth": 0.05749633053438212,
      "omega_row": 0.9867220226700659
    },
    "('age', 'capital-gain')": {
      "type": "num-num",
      "rho_real": 0.07722902236438098,
      "rho_synth": 0.06568506554550844,
      "omega_row": 0.9942280215905638
    },
    "('age', 'capital-loss')": {
      "type": "num-num",
      "rho_real": 0.05694382610561194,
      "rho_synth": 0.055846836016741536,
      "omega_row": 0.9994515049555648
    },
    "('age', 'hours-per-week')": {
      "type": "num-num",
      "rho_real": 0.0715583385269829,
      "rho_synth": 0.14248609105605095,
      "omega_row": 0.9645361237354659
    },
    "('fnlwgt', 'educational-num')": {
      "type": "num-num",
      "rho_real": -0.03876068354971028,
      "rho_synth": 0.07140229218834991,
      "omega_row": 0.9449185121309699
    },
    "('fnlwgt', 'capital-gain')": {
      "type": "num-num",
      "rho_real": -0.0037063886110827214,
      "rho_synth": 0.027023421668269126,
      "omega_row": 0.9846350948603241
    },
    "('fnlwgt', 'capital-loss')": {
      "type": "num-num",
      "rho_real": -0.004366149679495474,
      "rho_synth": -0.0154269634848188,
      "omega_row": 0.9944695930973383
    },
    "('fnlwgt', 'hours-per-week')": {
      "type": "num-num",
      "rho_real": -0.013518714690561444,
      "rho_synth": 0.1168860880535893,
      "omega_row": 0.9347975986279247
    },
    "('educational-num', 'capital-gain')": {
      "type": "num-num",
      "rho_real": 0.12514645910572123,
      "rho_synth": 0.06453781739486651,
      "omega_row": 0.9696956791445727
    },
    "('educational-num', 'capital-loss')": {
      "type": "num-num",
      "rho_real": 0.08097193774847297,
      "rho_synth": 0.04904848762773347,
      "omega_row": 0.9840382749396303
    },
    "('educational-num', 'hours-per-week')": {
      "type": "num-num",
      "rho_real": 0.1436889093924793,
      "rho_synth": 0.2626760003805454,
      "omega_row": 0.9405064545059669
    },
    "('capital-gain', 'capital-loss')": {
      "type": "num-num",
      "rho_real": -0.03144077064746345,
      "rho_synth": -0.025071799404759,
      "omega_row": 0.9968155143786478
    },
    "('capital-gain', 'hours-per-week')": {
      "type": "num-num",
      "rho_real": 0.08215727805587884,
      "rho_synth": 0.07108919981153858,
      "omega_row": 0.9944659608778299
    },
    "('capital-loss', 'hours-per-week')": {
      "type": "num-num",
      "rho_real": 0.05446721609518736,
      "rho_synth": 0.07268214625512182,
      "omega_row": 0.9908925349200328
    },
    "('workclass', 'education')": {
      "type": "cat-cat",
      "tvd_joint": 0.5430942306178073,
      "omega_row": 0.7284528846910964
    },
    "('workclass', 'marital-status')": {
      "type": "cat-cat",
      "tvd_joint": 0.3417059526749735,
      "omega_row": 0.8291470236625132
    },
    "('workclass', 'occupation')": {
      "type": "cat-cat",
      "tvd_joint": 0.42214401653932143,
      "omega_row": 0.7889279917303393
    },
    "('workclass', 'relationship')": {
      "type": "cat-cat",
      "tvd_joint": 0.2956965239677841,
      "omega_row": 0.8521517380161079
    },
    "('workclass', 'race')": {
      "type": "cat-cat",
      "tvd_joint": 0.28914084861081185,
      "omega_row": 0.8554295756945941
    },
    "('workclass', 'gender')": {
      "type": "cat-cat",
      "tvd_joint": 0.2662350932565715,
      "omega_row": 0.8668824533717142
    },
    "('workclass', 'native-country')": {
      "type": "cat-cat",
      "tvd_joint": 0.37518426865721394,
      "omega_row": 0.812407865671393
    },
    "('workclass', 'income')": {
      "type": "cat-cat",
      "tvd_joint": 0.23654789328435802,
      "omega_row": 0.881726053357821
    },
    "('education', 'marital-status')": {
      "type": "cat-cat",
      "tvd_joint": 0.4202841900499511,
      "omega_row": 0.7898579049750245
    },
    "('education', 'occupation')": {
      "type": "cat-cat",
      "tvd_joint": 0.6444191007666256,
      "omega_row": 0.6777904496166872
    },
    "('education', 'relationship')": {
      "type": "cat-cat",
      "tvd_joint": 0.40528481206268285,
      "omega_row": 0.7973575939686586
    },
    "('education', 'race')": {
      "type": "cat-cat",
      "tvd_joint": 0.39501946410973127,
      "omega_row": 0.8024902679451343
    },
    "('education', 'gender')": {
      "type": "cat-cat",
      "tvd_joint": 0.3379299343481873,
      "omega_row": 0.8310350328259064
    },
    "('education', 'native-country')": {
      "type": "cat-cat",
      "tvd_joint": 0.45290560052251316,
      "omega_row": 0.7735471997387434
    },
    "('education', 'income')": {
      "type": "cat-cat",
      "tvd_joint": 0.3421687555738179,
      "omega_row": 0.8289156222130911
    },
    "('marital-status', 'occupation')": {
      "type": "cat-cat",
      "tvd_joint": 0.5096551347463864,
      "omega_row": 0.7451724326268068
    },
    "('marital-status', 'relationship')": {
      "type": "cat-cat",
      "tvd_joint": 0.18172963126316757,
      "omega_row": 0.9091351843684162
    },
    "('marital-status', 'race')": {
      "type": "cat-cat",
      "tvd_joint": 0.17256970268262273,
      "omega_row": 0.9137151486586886
    },
    "('marital-status', 'gender')": {
      "type": "cat-cat",
      "tvd_joint": 0.10206560039488052,
      "omega_row": 0.9489671998025597
    },