lambda_sf,global_utility
0.0,0.4763361420326359
0.1,0.47581201168267045
0.25,0.48169916610845753
0.5,0.48687935624645146
1.0,0.47386457451441294
